# Flavour-composition curves of IceCube's three-flavour characterization,
# extracted from the vector paths of arXiv:2510.24957 Fig. 1 (MESE fit) by
# extract_flavor2510_fig1.py: barycentric map through the triangle's own
# vertices (bottom-left nu_tau, bottom-right nu_e, top nu_mu). The inline
# '68% CL' / '95% CL' labels cut the strokes in the source; those gaps are
# bridged with tangent-matched cubic arcs. The 95% contour leaves the
# triangle through f_tau = 0 and stays open there.
# name,f_e,f_mu,f_tau
contour68,0.2980,0.5086,0.1934
contour68,0.3026,0.5108,0.1866
contour68,0.3037,0.5106,0.1857
contour68,0.3136,0.5102,0.1762
contour68,0.3150,0.5105,0.1745
contour68,0.3246,0.5098,0.1656
contour68,0.3269,0.5098,0.1633
contour68,0.3342,0.5137,0.1521
contour68,0.3357,0.5138,0.1505
contour68,0.3434,0.5157,0.1409
contour68,0.3467,0.5177,0.1355
contour68,0.3542,0.5161,0.1297
contour68,0.3577,0.5160,0.1262
contour68,0.3655,0.5161,0.1184
contour68,0.3785,0.5143,0.1072
contour68,0.3797,0.5144,0.1058
contour68,0.3875,0.5165,0.0960
contour68,0.3908,0.5157,0.0935
contour68,0.4017,0.5116,0.0866
contour68,0.4127,0.5061,0.0812
contour68,0.4236,0.5004,0.0760
contour68,0.4346,0.4932,0.0723
contour68,0.4455,0.4853,0.0692
contour68,0.4564,0.4750,0.0686
contour68,0.4673,0.4643,0.0684
contour68,0.4782,0.4503,0.0715
contour68,0.4810,0.4462,0.0728
contour68,0.4890,0.4320,0.0790
contour68,0.4929,0.4233,0.0838
contour68,0.4997,0.4070,0.0933
contour68,0.5005,0.4047,0.0948
contour68,0.5027,0.3914,0.1059
contour68,0.5039,0.3791,0.1170
contour68,0.4993,0.3609,0.1399
contour68,0.4959,0.3537,0.1504
contour68,0.4922,0.3463,0.1616
contour68,0.4889,0.3384,0.1727
contour68,0.4880,0.3368,0.1752
contour68,0.4799,0.3250,0.1950
contour68,0.4763,0.3176,0.2062
contour68,0.4708,0.3119,0.2173
contour68,0.4656,0.3044,0.2299
contour68,0.4614,0.2989,0.2396
contour68,0.4545,0.2917,0.2538
contour68,0.4507,0.2874,0.2620
contour68,0.4434,0.2801,0.2765
contour68,0.4381,0.2775,0.2843
contour68,0.4311,0.2734,0.2955
contour68,0.4255,0.2678,0.3067
contour68,0.4180,0.2641,0.3179
contour68,0.4101,0.2589,0.3310
contour68,0.4043,0.2554,0.3402
contour68,0.3990,0.2520,0.3490
contour68,0.3880,0.2473,0.3648
contour68,0.3808,0.2454,0.3738
contour68,0.3769,0.2441,0.3789
contour68,0.3727,0.2423,0.3850
contour68,0.3641,0.2397,0.3962
contour68,0.3569,0.2357,0.4074
contour68,0.3548,0.2352,0.4100
contour68,0.3438,0.2331,0.4231
contour68,0.3373,0.2329,0.4298
contour68,0.3201,0.2277,0.4522
contour68,0.3016,0.2238,0.4746
contour68,0.2996,0.2233,0.4771
contour68,0.2886,0.2236,0.4877
contour68,0.2776,0.2250,0.4973
contour68,0.2662,0.2256,0.5083
contour68,0.2556,0.2249,0.5195
contour68,0.2446,0.2264,0.5290
contour68,0.2336,0.2315,0.5348
contour68,0.2221,0.2359,0.5421
contour68,0.2081,0.2386,0.5533
contour68,0.2007,0.2407,0.5586
contour68,0.1898,0.2506,0.5596
contour68,0.1680,0.2738,0.5581
contour68,0.1571,0.2856,0.5573
contour68,0.1533,0.2928,0.5539
contour68,0.1464,0.3097,0.5440
contour68,0.1461,0.3111,0.5428
contour68,0.1442,0.3240,0.5317
contour68,0.1445,0.3349,0.5206
contour68,0.1439,0.3466,0.5095
contour68,0.1442,0.3574,0.4984
contour68,0.1452,0.3675,0.4873
contour68,0.1475,0.3763,0.4762
contour68,0.1534,0.3927,0.4539
contour68,0.1558,0.4014,0.4428
contour68,0.1584,0.4059,0.4357
contour68,0.1654,0.4141,0.4204
contour68,0.1691,0.4217,0.4093
contour68,0.1755,0.4264,0.3981
contour68,0.1845,0.4397,0.3758
contour68,0.1905,0.4449,0.3646
contour68,0.1918,0.4470,0.3612
contour68,0.1953,0.4516,0.3531
contour68,0.2005,0.4578,0.3416
contour68,0.2063,0.4635,0.3302
contour68,0.2126,0.4687,0.3187
contour68,0.2194,0.4734,0.3073
contour68,0.2265,0.4776,0.2958
contour68,0.2340,0.4816,0.2844
contour68,0.2417,0.4853,0.2730
contour68,0.2497,0.4887,0.2616
contour68,0.2578,0.4921,0.2502
contour68,0.2659,0.4953,0.2388
contour68,0.2741,0.4985,0.2274
contour68,0.2822,0.5018,0.2161
contour68,0.2902,0.5051,0.2047
contour68,0.2980,0.5086,0.1934
contour95,0.6042,0.4020,-0.0062
contour95,0.6097,0.3922,-0.0020
contour95,0.6166,0.3786,0.0048
contour95,0.6205,0.3696,0.0099
contour95,0.6203,0.3527,0.0269
contour95,0.6293,0.3327,0.0380
contour95,0.6303,0.3207,0.0490
contour95,0.6203,0.3195,0.0603
contour95,0.6205,0.3082,0.0714
contour95,0.6301,0.2876,0.0824
contour95,0.6293,0.2772,0.0935
contour95,0.6229,0.2613,0.1158
contour95,0.6181,0.2549,0.1269
contour95,0.6139,0.2480,0.1381
contour95,0.6081,0.2418,0.1501
contour95,0.6035,0.2361,0.1604
contour95,0.5970,0.2299,0.1731
contour95,0.5736,0.2101,0.2163
contour95,0.5637,0.2023,0.2340
contour95,0.5612,0.2002,0.2386
contour95,0.5526,0.1940,0.2534
contour95,0.5484,0.1906,0.2610
contour95,0.5415,0.1855,0.2730
contour95,0.5347,0.1820,0.2833
contour95,0.5278,0.1777,0.2945
contour95,0.5193,0.1735,0.3071
contour95,0.5134,0.1697,0.3169
contour95,0.5059,0.1660,0.3281
contour95,0.4972,0.1611,0.3417
contour95,0.4913,0.1583,0.3504
contour95,0.4833,0.1551,0.3616
contour95,0.4761,0.1521,0.3718
contour95,0.4680,0.1489,0.3831
contour95,0.4597,0.1460,0.3943
contour95,0.4513,0.1432,0.4055
contour95,0.4427,0.1407,0.4166
contour95,0.4340,0.1383,0.4277
contour95,0.4253,0.1360,0.4387
contour95,0.4164,0.1338,0.4498
contour95,0.4076,0.1316,0.4608
contour95,0.3987,0.1295,0.4718
contour95,0.3898,0.1274,0.4828
contour95,0.3809,0.1253,0.4938
contour95,0.3721,0.1231,0.5048
contour95,0.3633,0.1208,0.5158
contour95,0.3547,0.1184,0.5269
contour95,0.3526,0.1178,0.5296
contour95,0.3426,0.1156,0.5419
contour95,0.3315,0.1150,0.5535
contour95,0.2985,0.1121,0.5894
contour95,0.2765,0.1127,0.6108
contour95,0.2654,0.1133,0.6212
contour95,0.2544,0.1136,0.6319
contour95,0.2434,0.1144,0.6421
contour95,0.2325,0.1168,0.6508
contour95,0.2298,0.1171,0.6531
contour95,0.2153,0.1204,0.6643
contour95,0.1995,0.1230,0.6775
contour95,0.1835,0.1296,0.6869
contour95,0.1776,0.1321,0.6903
contour95,0.1651,0.1367,0.6982
contour95,0.1556,0.1406,0.7038
contour95,0.1447,0.1463,0.7091
contour95,0.1338,0.1550,0.7112
contour95,0.1228,0.1639,0.7133
contour95,0.1119,0.1724,0.7157
contour95,0.1010,0.1807,0.7183
contour95,0.0901,0.1954,0.7145
contour95,0.0793,0.2115,0.7093
contour95,0.0666,0.2342,0.6992
contour95,0.0576,0.2488,0.6936
contour95,0.0553,0.2565,0.6882
contour95,0.0523,0.2817,0.6660
contour95,0.0519,0.2932,0.6549
contour95,0.0527,0.3146,0.6327
contour95,0.0533,0.3251,0.6216
contour95,0.0573,0.3434,0.5993
contour95,0.0581,0.3537,0.5882
contour95,0.0588,0.3555,0.5857
contour95,0.0653,0.3689,0.5659
contour95,0.0673,0.3780,0.5548
contour95,0.0759,0.3917,0.5324
contour95,0.0781,0.4006,0.5213
contour95,0.0823,0.4075,0.5102
contour95,0.0865,0.4145,0.4990
contour95,0.0893,0.4228,0.4879
contour95,0.0933,0.4299,0.4767
contour95,0.0973,0.4371,0.4656
contour95,0.1038,0.4512,0.4450
contour95,0.1047,0.4520,0.4433
contour95,0.1175,0.4616,0.4209
contour95,0.1219,0.4683,0.4098
contour95,0.1260,0.4721,0.4019
contour95,0.1275,0.4739,0.3986
contour95,0.1336,0.4790,0.3874
contour95,0.1375,0.4862,0.3763
contour95,0.1427,0.4921,0.3651
contour95,0.1484,0.4998,0.3519
contour95,0.1533,0.5039,0.3428
contour95,0.1595,0.5101,0.3304
contour95,0.1665,0.5131,0.3204
contour95,0.1737,0.5170,0.3093
contour95,0.1786,0.5233,0.2981
contour95,0.1816,0.5245,0.2938
contour95,0.1862,0.5268,0.2869
contour95,0.1928,0.5343,0.2729
contour95,0.1970,0.5384,0.2646
contour95,0.2039,0.5442,0.2519
contour95,0.2120,0.5457,0.2422
contour95,0.2149,0.5470,0.2380
contour95,0.2192,0.5498,0.2310
contour95,0.2283,0.5519,0.2198
contour95,0.2481,0.5657,0.1861
contour95,0.2567,0.5682,0.1751
contour95,0.2644,0.5717,0.1639
contour95,0.2702,0.5730,0.1567
contour95,0.2731,0.5741,0.1527
contour95,0.2824,0.5761,0.1415
contour95,0.2912,0.5785,0.1303
contour95,0.2923,0.5793,0.1283
contour95,0.2986,0.5823,0.1191
contour95,0.3033,0.5776,0.1190
contour95,0.3253,0.5783,0.0964
contour95,0.3361,0.5785,0.0854
contour95,0.3365,0.5882,0.0754
contour95,0.3376,0.5882,0.0743
contour95,0.3475,0.5881,0.0644
contour95,0.3490,0.5879,0.0631
contour95,0.3695,0.5847,0.0459
contour95,0.3804,0.5820,0.0375
contour95,0.3914,0.5795,0.0290
contour95,0.4024,0.5761,0.0215
contour95,0.4243,0.5682,0.0074
contour95,0.4353,0.5626,0.0021
contour95,0.4463,0.5576,-0.0039
contour95,0.4480,0.5566,-0.0046
icecube2022,0.0059,0.5590,0.4351
icecube2022,0.0315,0.5822,0.3863
icecube2022,0.0533,0.6000,0.3467
icecube2022,0.0697,0.6108,0.3195
icecube2022,0.0882,0.6215,0.2902
icecube2022,0.1088,0.6308,0.2604
icecube2022,0.1271,0.6363,0.2366
icecube2022,0.1523,0.6420,0.2057
icecube2022,0.1768,0.6394,0.1839
icecube2022,0.2212,0.6362,0.1426
icecube2022,0.2493,0.6264,0.1243
icecube2022,0.2856,0.6096,0.1047
icecube2022,0.3212,0.5891,0.0897
icecube2022,0.3511,0.5664,0.0826
icecube2022,0.3830,0.5351,0.0819
icecube2022,0.4102,0.5081,0.0817
icecube2022,0.4375,0.4778,0.0847
icecube2022,0.4541,0.4547,0.0912
icecube2022,0.4753,0.4244,0.1003
icecube2022,0.4935,0.3901,0.1164
icecube2022,0.5122,0.3485,0.1392
icecube2022,0.5153,0.3283,0.1564
icecube2022,0.5183,0.3032,0.1785
icecube2022,0.5153,0.2757,0.2090
icecube2022,0.5088,0.2523,0.2389
icecube2022,0.4969,0.2306,0.2725
icecube2022,0.4807,0.2094,0.3099
icecube2022,0.4663,0.1938,0.3399
icecube2022,0.4399,0.1746,0.3855
icecube2022,0.4203,0.1637,0.4161
icecube2022,0.3969,0.1505,0.4526
icecube2022,0.3784,0.1440,0.4777
icecube2022,0.3578,0.1368,0.5054
icecube2022,0.3210,0.1261,0.5529
icecube2022,0.2988,0.1213,0.5799
icecube2022,0.2730,0.1179,0.6090
icecube2022,0.2505,0.1128,0.6367
icecube2022,0.2182,0.1103,0.6715
icecube2022,0.1320,0.1130,0.7551
icecube2022,0.1078,0.1128,0.7794
icecube2022,0.0813,0.1145,0.8042
icecube2022,0.0592,0.1210,0.8198
icecube2022,0.0337,0.1274,0.8388
icecube2022,0.0026,0.1385,0.8589
std_osc,0.3210,0.3784,0.3006
std_osc,0.3145,0.3770,0.3085
std_osc,0.3085,0.3770,0.3145
std_osc,0.2999,0.3797,0.3204
std_osc,0.2886,0.3879,0.3235
std_osc,0.2800,0.3906,0.3294
std_osc,0.2699,0.3988,0.3313
std_osc,0.2605,0.4056,0.3340
std_osc,0.2516,0.4137,0.3347
std_osc,0.2447,0.4178,0.3375
std_osc,0.2283,0.4314,0.3403
std_osc,0.2223,0.4409,0.3368
std_osc,0.2126,0.4532,0.3343
std_osc,0.2068,0.4600,0.3333
std_osc,0.1958,0.4627,0.3415
std_osc,0.1858,0.4681,0.3461
std_osc,0.1812,0.4749,0.3439
std_osc,0.1747,0.4831,0.3422
std_osc,0.1670,0.4913,0.3417
std_osc,0.1607,0.4967,0.3426
std_osc,0.1550,0.5008,0.3442
std_osc,0.1470,0.5048,0.3482
std_osc,0.1410,0.5048,0.3542
std_osc,0.1354,0.4967,0.3679
std_osc,0.1359,0.4885,0.3756
std_osc,0.1402,0.4776,0.3822
std_osc,0.1436,0.4708,0.3856
std_osc,0.1482,0.4640,0.3878
std_osc,0.1542,0.4545,0.3914
std_osc,0.1619,0.4463,0.3918
std_osc,0.1716,0.4340,0.3943
std_osc,0.1831,0.4232,0.3938
std_osc,0.1973,0.4068,0.3959
std_osc,0.2075,0.3960,0.3965
std_osc,0.2053,0.3932,0.4015
std_osc,0.2019,0.3905,0.4076
std_osc,0.1953,0.3891,0.4155
std_osc,0.1938,0.3850,0.4212
std_osc,0.1984,0.3782,0.4234
std_osc,0.2064,0.3742,0.4194
std_osc,0.2150,0.3715,0.4135
std_osc,0.2212,0.3687,0.4101
std_osc,0.2316,0.3647,0.4037
std_osc,0.2407,0.3633,0.3959
std_osc,0.2488,0.3592,0.3920
std_osc,0.2543,0.3579,0.3878
std_osc,0.2605,0.3552,0.3844
std_osc,0.2678,0.3525,0.3797
std_osc,0.2766,0.3470,0.3764
std_osc,0.2814,0.3470,0.3716
std_osc,0.2883,0.3429,0.3688
std_osc,0.2986,0.3416,0.3598
std_osc,0.3097,0.3362,0.3541
std_osc,0.3406,0.3226,0.3368
std_osc,0.3479,0.3199,0.3322
std_osc,0.3579,0.3144,0.3277
std_osc,0.3666,0.3090,0.3244
std_osc,0.3793,0.2981,0.3226
std_osc,0.3880,0.2927,0.3193
std_osc,0.3951,0.2859,0.3191
std_osc,0.4177,0.2696,0.3128
std_osc,0.4285,0.2601,0.3115
std_osc,0.4435,0.2492,0.3073
std_osc,0.4536,0.2410,0.3053
std_osc,0.4650,0.2329,0.3022
std_osc,0.4769,0.2233,0.2997
std_osc,0.4901,0.2138,0.2960
std_osc,0.4984,0.2070,0.2946
std_osc,0.5078,0.2002,0.2920
std_osc,0.5129,0.1948,0.2923
std_osc,0.5132,0.1893,0.2974
std_osc,0.5160,0.1839,0.3001
std_osc,0.5199,0.1784,0.3017
std_osc,0.5252,0.1703,0.3045
std_osc,0.5315,0.1648,0.3036
std_osc,0.5384,0.1608,0.3009
std_osc,0.5440,0.1567,0.2993
std_osc,0.5521,0.1526,0.2953
std_osc,0.5571,0.1499,0.2930
std_osc,0.5663,0.1458,0.2879
std_osc,0.5749,0.1431,0.2820
std_osc,0.5840,0.1418,0.2742
std_osc,0.5943,0.1404,0.2653
std_osc,0.6015,0.1404,0.2581
std_osc,0.6074,0.1432,0.2495
std_osc,0.6089,0.1472,0.2438
std_osc,0.6098,0.1527,0.2375
std_osc,0.6100,0.1595,0.2305
std_osc,0.6090,0.1758,0.2151
std_osc,0.6099,0.1813,0.2088
std_osc,0.6093,0.1922,0.1985
std_osc,0.6096,0.1963,0.1941
std_osc,0.6093,0.2017,0.1890
std_osc,0.6102,0.2072,0.1826
std_osc,0.6092,0.2140,0.1768
std_osc,0.6061,0.2249,0.1690
std_osc,0.6077,0.2290,0.1633
std_osc,0.6074,0.2344,0.1582
std_osc,0.6050,0.2439,0.1510
std_osc,0.6045,0.2521,0.1434
std_osc,0.6011,0.2589,0.1400
std_osc,0.5951,0.2684,0.1364
std_osc,0.5862,0.2766,0.1372
std_osc,0.5655,0.2916,0.1429
std_osc,0.5544,0.2970,0.1486
std_osc,0.5439,0.3011,0.1550
std_osc,0.5329,0.3038,0.1633
std_osc,0.5252,0.3024,0.1724
std_osc,0.5183,0.2969,0.1848
std_osc,0.5150,0.2915,0.1935
std_osc,0.5141,0.2860,0.1998
std_osc,0.5061,0.2901,0.2038
std_osc,0.4975,0.2928,0.2097
std_osc,0.4820,0.2996,0.2183
std_osc,0.4735,0.3023,0.2242
std_osc,0.4661,0.3050,0.2289
std_osc,0.4575,0.3078,0.2347
std_osc,0.4477,0.3105,0.2418
std_osc,0.4287,0.3173,0.2541
std_osc,0.4165,0.3200,0.2635
std_osc,0.4060,0.3240,0.2699
std_osc,0.3981,0.3254,0.2765
std_osc,0.3920,0.3281,0.2799
std_osc,0.3853,0.3295,0.2853
std_osc,0.3782,0.3363,0.2855
std_osc,0.3745,0.3390,0.2865
std_osc,0.3690,0.3403,0.2907
std_osc,0.3654,0.3403,0.2943
std_osc,0.3551,0.3512,0.2937
std_osc,0.3519,0.3553,0.2928
std_osc,0.3462,0.3594,0.2944
std_osc,0.3407,0.3607,0.2986
std_osc,0.3344,0.3662,0.2995
std_osc,0.3274,0.3730,0.2997
